[
  {
    "id": "1",
    "name": "导航栏设置",
    "icon": "icon-ym icon-ym-wf-travelApply",
    "type": 2,
    "path": "/SystemSettings/NavigationSettings",
    "query": "",
    "children": []
  },
  {
    "id": "2",
    "name": "工作台设置",
    "icon": "icon-ym icon-ym-authGroup",
    "type": 2,
    "path": "/SystemSettings/WorkbenchSettings",
    "query": "",
    "children": []
  },
  {
    "id": "3",
    "name": "主题设置",
    "icon": "icon-ym icon-ym-generator-color",
    "type": 2,
    "path": "/SystemSettings/ThemeSettings",
    "query": "",
    "children": []
  },
  {
    "id": "4",
    "name": "系统管理",
    "icon": "icon-ym icon-ym-generator-color",
    "type": 1,
    "path": "",
    "query": "",
    "children": [
      {
        "id": "41",
        "name": "系统参数",
        "icon": "icon-ym icon-ym-generator-color",
        "type": 2,
        "path": "/SystemSettings/a",
        "query": "",
        "children": []
      },
      {
        "id": "42",
        "name": "日志中心",
        "icon": "icon-ym icon-ym-generator-color",
        "type": 2,
        "path": "/SystemSettings/b",
        "query": "",
        "children": []
      },
      {
        "id": "43",
        "name": "报表订阅",
        "icon": "icon-ym icon-ym-generator-color",
        "type": 2,
        "path": "/SystemSettings/c",
        "query": "",
        "children": []
      },
      {
        "id": "44",
        "name": "应用管理",
        "icon": "icon-ym icon-ym-generator-color",
        "type": 2,
        "path": "/SystemSettings/d",
        "query": "",
        "children": []
      }
    ]
  },
  {
    "id": "90",
    "name": "三级菜单",
    "icon": "icon-ym icon-ym-generator-color",
    "type": 1,
    "path": "",
    "query": "",
    "children": [
      {
        "id": "91",
        "name": "应用管理",
        "icon": "icon-ym icon-ym-generator-color",
        "type": 2,
        "path": "/SystemSettings/e"
      },
      {
        "id": "92",
        "name": "应用管理",
        "icon": "icon-ym icon-ym-generator-color",
        "type": 2,
        "path": "/SystemSettings/f"
      },
      {
        "id": "93",
        "name": "折叠目录",
        "icon": "icon-ym icon-ym-generator-color",
        "type": 1,
        "path": "",
        "children": [
          {
            "id": "931",
            "name": "应用管理",
            "icon": "icon-ym icon-ym-generator-color",
            "type": 2,
            "path": "/SystemSettings/g"
          },
          {
            "id": "933",
            "name": "应用管理",
            "icon": "icon-ym icon-ym-generator-color",
            "type": 2,
            "path": "/SystemSettings/h"
          }
        ]
      },
      {
        "id": "94",
        "name": "展开目录",
        "icon": "icon-ym icon-ym-generator-color",
        "type": 9,
        "path": "",
        "children": [
          {
            "id": "941",
            "name": "应用管理",
            "icon": "icon-ym icon-ym-generator-color",
            "type": 2,
            "path": "/SystemSettings/j"
          },
          {
            "id": "943",
            "name": "应用管理",
            "icon": "icon-ym icon-ym-generator-color",
            "type": 2,
            "path": "/SystemSettings/k"
          }
        ]
      }
    ]
  }
]
